{
  "full": {
    "count": 3,
    "psnr_mean": 19.124005,
    "psnr_std": 0.09408312016863915,
    "ssim_mean": 0.23854133333333336,
    "ssim_std": 0.01526167365949386,
    "mpi_mean": 154.12728866666666,
    "mpi_std": 9.375908693514116,
    "pcs_mean": -0.055655,
    "pcs_std": 0.003927170228039524,
    "edgef1_mean": 0.3357683333333333,
    "edgef1_std": 0.05681015273307716
  }
}